{"cameraMode":{"drawMode":0,"name":"Shaded","section":"Shading Mode"},"sceneLighting":false,"audioPlay":false,"sceneViewState":{"m_AlwaysRefresh":false,"showFog":true,"showSkybox":false,"showFlares":true,"showImageEffects":true,"showParticleSystems":true,"showVisualEffectGraphs":true,"m_FxEnabled":true},"in2DMode":false,"pivot":{"x":0.0006403513252735138,"y":0.004955276846885681,"z":0.03268205374479294},"rotation":{"x":-0.11111754179000855,"y":-0.7130312919616699,"z":0.11609316617250443,"w":-0.6824728846549988},"size":0.16401846706867219,"orthographic":false}