{"cameraMode":{"drawMode":0,"name":"Shaded","section":"Shading Mode"},"sceneLighting":false,"audioPlay":false,"sceneViewState":{"m_AlwaysRefresh":false,"showFog":true,"showSkybox":false,"showFlares":true,"showImageEffects":true,"showParticleSystems":true,"showVisualEffectGraphs":true,"m_FxEnabled":true},"in2DMode":false,"pivot":{"x":-0.008190866559743882,"y":-0.06046728044748306,"z":0.009858906269073487},"rotation":{"x":-0.004421672783792019,"y":-0.8237829804420471,"z":0.006425511557608843,"w":-0.5668569207191467},"size":0.4984150528907776,"orthographic":false}