{"cameraMode":{"drawMode":0,"name":"Shaded","section":"Shading Mode"},"sceneLighting":false,"audioPlay":false,"sceneViewState":{"m_AlwaysRefresh":false,"showFog":true,"showSkybox":false,"showFlares":true,"showImageEffects":true,"showParticleSystems":true,"showVisualEffectGraphs":true,"m_FxEnabled":true},"in2DMode":false,"pivot":{"x":-0.004013396799564362,"y":-0.0036158710718154909,"z":0.02346038818359375},"rotation":{"x":-0.004421672783792019,"y":-0.8237829804420471,"z":0.006425511557608843,"w":-0.5668569207191467},"size":0.3818916082382202,"orthographic":false}